file,rows,start_time,end_time,duration_seconds,max_total_a,max_abs_gyro
normal_001.csv,25,1773565951.910339,1773565954.345927,2.4355878829956055,2.02,157.74
normal_002.csv,17,1773565954.4540043,1773565956.10039,1.646385669708252,2.05,164.35
normal_003.csv,24,1773565959.4411535,1773565961.8240888,2.3829352855682373,1.68,158.89
normal_004.csv,25,1773565964.6946766,1773565967.1938183,2.4991416931152344,1.68,187.3
normal_005.csv,25,1773565970.0630994,1773565972.5295222,2.4664227962493896,2.11,281.53
normal_006.csv,25,1773565975.7507734,1773565978.2550068,2.5042333602905273,1.9,206.18
normal_007.csv,25,1773565980.8930526,1773565983.3765297,2.4834771156311035,1.61,268.93
normal_008.csv,25,1773565985.7037952,1773565988.16171,2.4579148292541504,1.71,264.58
normal_009.csv,23,1773565990.4172387,1773565992.651569,2.234330177307129,1.52,192.41
normal_010.csv,25,1773565996.2546904,1773565998.7253373,2.470646858215332,1.79,200.05
normal_011.csv,25,1773566000.624333,1773566003.0944884,2.4701554775238037,1.76,279.37
normal_012.csv,25,1773566005.206638,1773566007.6917086,2.4850704669952393,1.67,272.63
normal_013.csv,22,1773566010.0772254,1773566012.169714,2.0924885272979736,1.68,214.06
normal_014.csv,25,1773566014.1516438,1773566016.636872,2.4852283000946045,1.85,273.3
normal_015.csv,25,1773566022.2954004,1773566024.784655,2.4892547130584717,2.3,489.97
normal_016.csv,25,1773566026.5744758,1773566029.055872,2.481396198272705,2.15,510.57
normal_017.csv,18,1773566030.483569,1773566032.227303,1.7437341213226318,2.18,460.92
normal_018.csv,20,1773566033.8486917,1773566035.8048012,1.9561095237731934,2.25,394.46
normal_019.csv,25,1773566038.6620853,1773566041.141807,2.479721784591675,2.32,443.82
normal_020.csv,19,1773566042.5395627,1773566044.404192,1.8646292686462402,2.49,510.57
normal_021.csv,24,1773566046.2582252,1773566048.6404622,2.382236957550049,2.31,445.51
normal_022.csv,25,1773566050.722397,1773566053.1078677,2.3854706287384033,1.58,234.41
normal_023.csv,24,1773566056.7652164,1773566059.0893238,2.3241074085235596,2.19,470.85
normal_024.csv,21,1773566060.464389,1773566062.5289457,2.06455659866333,2.26,510.41
normal_025.csv,25,1773566064.1320782,1773566066.6168227,2.4847445487976074,2.24,383.14
normal_026.csv,16,1773566068.4706163,1773566070.0318418,1.561225414276123,2.28,352.78
normal_027.csv,18,1773566082.5095122,1773566084.2647,1.755187749862671,1.38,502.2
normal_028.csv,24,1773566089.2896378,1773566091.6643386,2.3747007846832275,1.42,322.53
normal_029.csv,23,1773566094.660184,1773566096.8639731,2.203789234161377,1.38,158.99
normal_030.csv,19,1773566099.4716334,1773566101.2737164,1.8020830154418945,1.46,440.6
normal_031.csv,18,1773566104.718673,1773566106.470447,1.7517740726470947,1.51,207.65
normal_032.csv,23,1773566120.6998937,1773566122.9719489,2.272055149078369,1.45,209.97
normal_033.csv,23,1773566124.458457,1773566126.6948335,2.2363765239715576,1.68,462.79
normal_034.csv,25,1773566128.34856,1773566130.796266,2.4477059841156006,1.4,324.9
normal_035.csv,24,1773566133.0160413,1773566135.3927162,2.3766748905181885,1.44,236.82
normal_036.csv,25,1773566137.4140246,1773566139.8943884,2.4803638458251953,1.84,291.45
normal_037.csv,16,1773566144.7838504,1773566146.3486843,1.5648338794708252,1.52,170.55
normal_038.csv,19,1773566147.5136404,1773566149.3787518,1.8651113510131836,1.46,194.92
normal_039.csv,22,1773566155.152652,1773566157.3256714,2.1730194091796875,1.23,318.72
normal_040.csv,18,1773566162.1851137,1773566163.9419465,1.7568328380584717,1.04,123.48
normal_041.csv,25,1773566203.9163344,1773566206.3869855,2.470651149749756,1.2,85.76
normal_042.csv,25,1773566209.1507936,1773566211.618626,2.467832565307617,1.27,159.75
normal_043.csv,25,1773566214.6695054,1773566217.1364598,2.466954469680786,1.26,89.36
normal_044.csv,23,1773566217.2522354,1773566219.523445,2.271209478378296,1.22,82.41
normal_045.csv,25,1773566224.4915926,1773566226.9173672,2.425774574279785,1.19,193.75
normal_046.csv,25,1773566227.0346804,1773566229.5029712,2.4682908058166504,1.34,103.45
normal_047.csv,25,1773566230.8576665,1773566233.3198607,2.4621942043304443,1.24,107.85
normal_048.csv,20,1773566233.4336908,1773566235.3866367,1.9529459476470947,1.21,76.26
normal_049.csv,25,1773566238.116932,1773566240.5331707,2.416238784790039,1.27,101.01
normal_050.csv,17,1773566240.6335263,1773566242.2993405,1.6658141613006592,1.28,114.92
normal_051.csv,25,1773566243.6530342,1773566246.1350963,2.4820621013641357,1.21,140.92
normal_052.csv,25,1773566248.9310527,1773566251.4183347,2.4872820377349854,1.34,188.44
normal_053.csv,25,1773566251.5159595,1773566253.9997883,2.4838287830352783,1.38,128.76
normal_054.csv,25,1773566263.9228067,1773566266.3694692,2.446662425994873,1.34,142.0
normal_055.csv,15,1773566266.4673643,1773566267.9158282,1.4484639167785645,1.26,89.79
normal_056.csv,25,1773566295.055581,1773566297.5277138,2.472132682800293,1.14,66.63
normal_057.csv,23,1773566297.6317952,1773566299.9027717,2.2709765434265137,1.49,76.61
normal_058.csv,25,1773566302.007261,1773566304.476615,2.4693539142608643,1.31,75.63
normal_059.csv,19,1773566304.579398,1773566306.44256,1.8631620407104492,1.36,130.93
normal_060.csv,25,1773566308.2571795,1773566310.7283945,2.471215009689331,1.35,103.27
normal_061.csv,20,1773566310.826965,1773566312.7907448,1.9637796878814697,1.36,57.12
normal_062.csv,25,1773566314.306189,1773566316.6279476,2.321758508682251,1.32,132.67
normal_063.csv,17,1773566316.74152,1773566318.3937173,1.6521973609924316,1.3,83.3
normal_064.csv,18,1773566322.524197,1773566324.2925951,1.7683980464935303,2.57,307.3
normal_065.csv,25,1773566327.2966044,1773566329.7769408,2.4803364276885986,2.61,278.31
normal_066.csv,25,1773566331.910774,1773566334.4019876,2.49121356010437,2.22,232.96
normal_067.csv,25,1773566337.4360502,1773566339.8095944,2.373544216156006,1.11,223.53
normal_068.csv,22,1773566342.4776435,1773566344.639026,2.1613824367523193,1.35,108.15
normal_069.csv,25,1773566347.3934395,1773566349.8744338,2.48099422454834,1.34,117.91
normal_070.csv,25,1773566353.8195362,1773566356.2905302,2.470993995666504,2.1,133.51
normal_071.csv,24,1773566358.9598043,1773566361.3371823,2.377377986907959,1.55,150.44
normal_072.csv,25,1773566363.4455457,1773566365.8252945,2.379748821258545,2.17,153.71
normal_073.csv,25,1773566369.1901972,1773566371.585184,2.394986867904663,2.01,208.46
normal_074.csv,25,1773566512.6854448,1773566515.158419,2.4729740619659424,1.59,146.02
normal_075.csv,25,1773566521.7541864,1773566524.189769,2.4355826377868652,1.49,154.78
normal_076.csv,25,1773566530.1596613,1773566532.62212,2.462458610534668,1.36,133.86
normal_077.csv,25,1773566534.666278,1773566537.044245,2.377967119216919,1.51,91.62
normal_078.csv,25,1773566538.4022207,1773566540.9048033,2.502582550048828,1.5,98.96
normal_079.csv,25,1773566543.0514588,1773566545.534393,2.4829342365264893,1.44,120.37
normal_080.csv,25,1773566545.6350317,1773566548.9022985,3.2672667503356934,1.75,116.15
normal_081.csv,25,1773566550.324751,1773566552.790263,2.4655120372772217,1.85,133.47
normal_082.csv,20,1773566617.194476,1773566619.1188374,1.9243614673614502,2.24,489.97
normal_083.csv,25,1773566621.8059962,1773566624.2617867,2.4557905197143555,2.1,268.23
normal_084.csv,25,1773566629.2258046,1773566631.841977,2.6161723136901855,1.79,143.65
normal_085.csv,25,1773566633.017948,1773566635.4931638,2.4752159118652344,1.66,143.15
normal_086.csv,23,1773566637.8849423,1773566640.0114503,2.1265079975128174,2.41,510.57
normal_087.csv,25,1773566644.119661,1773566646.5733633,2.453702211380005,1.91,253.22
normal_088.csv,25,1773566648.245845,1773566650.7258952,2.4800500869750977,1.84,366.21
normal_089.csv,25,1773566652.6604629,1773566655.126896,2.466433048248291,2.85,466.08
normal_090.csv,25,1773566657.2383971,1773566659.6535256,2.415128469467163,1.49,265.66
normal_091.csv,25,1773566662.1434486,1773566664.5940576,2.450608968734741,1.46,130.34
normal_092.csv,25,1773566666.6466856,1773566669.0546994,2.4080138206481934,1.72,194.09
normal_093.csv,25,1773566671.366001,1773566673.839368,2.473367214202881,1.54,186.15
normal_094.csv,25,1773566674.74115,1773566677.9579527,3.2168028354644775,1.73,151.63
normal_095.csv,25,1773566678.0556426,1773566681.2074125,3.1517698764801025,1.56,169.74
normal_096.csv,25,1773566681.3080094,1773566684.6241226,3.316113233566284,1.81,221.51
normal_097.csv,16,1773566684.7197318,1773566686.2703123,1.5505805015563965,1.65,163.76
normal_098.csv,25,1773566687.3432364,1773566690.4373796,3.0941431522369385,1.77,198.81
normal_099.csv,25,1773566690.5383744,1773566693.0224683,2.4840939044952393,1.88,162.75
normal_100.csv,25,1773566728.3877835,1773566730.8673036,2.479520082473755,1.3,147.31
normal_101.csv,25,1773566732.865816,1773566735.3521986,2.486382484436035,1.47,133.56
normal_102.csv,25,1773566737.415683,1773566739.869622,2.4539389610290527,1.23,206.79
normal_103.csv,25,1773566742.1151478,1773566744.5235617,2.408413887023926,1.3,164.99
normal_104.csv,15,1773566744.631594,1773566746.073068,1.4414739608764648,1.27,141.76
normal_105.csv,25,1773566747.5508406,1773566749.9318025,2.3809618949890137,1.27,210.63
normal_106.csv,25,1773566753.384159,1773566755.834745,2.4505858421325684,1.23,197.88
normal_107.csv,25,1773566758.650557,1773566761.1305337,2.4799766540527344,1.25,140.4
normal_108.csv,25,1773566763.4239252,1773566765.8481865,2.4242613315582275,1.5,164.78
normal_109.csv,25,1773566768.343242,1773566770.747374,2.404132127761841,1.33,172.63
normal_110.csv,25,1773566773.350571,1773566775.7464125,2.395841598510742,1.26,145.91
normal_111.csv,25,1773566777.8637674,1773566780.3453698,2.481602430343628,1.23,194.78
normal_112.csv,25,1773566782.3654342,1773566784.848481,2.483046770095825,1.27,172.06
normal_113.csv,25,1773566787.4879868,1773566789.860697,2.3727102279663086,1.26,163.33
normal_114.csv,25,1773566791.9101024,1773566794.3794,2.4692976474761963,1.33,190.93
normal_115.csv,25,1773566796.8447516,1773566799.327277,2.48252534866333,1.32,138.58
normal_116.csv,16,1773566799.4266646,1773566800.978674,1.5520093441009521,1.21,233.16
normal_117.csv,25,1773566802.4490733,1773566804.9170997,2.4680263996124268,1.34,149.86
normal_118.csv,18,1773566805.026018,1773566806.7760563,1.7500383853912354,1.25,130.06
normal_119.csv,25,1773566808.2596917,1773566810.7415905,2.481898784637451,1.21,239.3
normal_120.csv,25,1773566813.907847,1773566816.2945366,2.3866896629333496,2.18,449.45
normal_121.csv,25,1773566818.7434938,1773566821.2237177,2.4802238941192627,1.92,296.38
normal_122.csv,25,1773566823.3800962,1773566825.8587618,2.478665590286255,1.7,285.1
normal_123.csv,25,1773566828.238875,1773566830.722254,2.4833791255950928,1.76,268.32
normal_124.csv,25,1773566830.8239834,1773566834.1615725,3.3375890254974365,1.9,224.57
normal_125.csv,20,1773566834.260457,1773566836.2391157,1.978658676147461,1.49,160.63
normal_126.csv,25,1773566838.7857578,1773566841.189352,2.4035942554473877,1.14,132.09
normal_127.csv,16,1773566841.2897606,1773566842.8393557,1.5495951175689697,1.18,140.73
normal_128.csv,25,1773566844.1809306,1773566846.6628325,2.4819018840789795,1.32,123.79
normal_129.csv,17,1773566846.7719836,1773566848.426656,1.654672384262085,1.26,122.72
normal_130.csv,25,1773566849.9542017,1773566852.4004571,2.4462554454803467,1.21,143.88
normal_131.csv,25,1773566852.5043712,1773566855.5939758,3.089604616165161,1.42,267.41
normal_132.csv,25,1773566855.7065732,1773566858.1876843,2.4811110496520996,1.29,281.33
normal_133.csv,25,1773566867.4679725,1773566869.9536078,2.485635280609131,1.39,145.08
normal_134.csv,25,1773566872.1188269,1773566874.6050415,2.4862146377563477,1.23,128.58
normal_135.csv,15,1773566874.715942,1773566876.1557996,1.4398577213287354,1.23,109.3
normal_136.csv,25,1773566877.3180816,1773566879.7878523,2.469770669937134,1.18,179.5
normal_137.csv,20,1773566879.8877983,1773566881.8541875,1.9663891792297363,1.15,243.01
normal_138.csv,25,1773566887.1234472,1773566889.5006652,2.377218008041382,1.55,136.69
normal_139.csv,25,1773566892.6498666,1773566895.084902,2.435035467147827,1.6,86.82
normal_140.csv,25,1773566898.9992542,1773566901.448847,2.4495928287506104,1.43,92.61
normal_141.csv,23,1773566905.293243,1773566907.5637136,2.27047061920166,1.37,112.24
normal_142.csv,25,1773566908.675456,1773566911.1489103,2.473454236984253,1.57,98.7
normal_143.csv,25,1773566913.0176263,1773566915.468217,2.4505906105041504,1.27,93.28
normal_144.csv,25,1773566916.8640664,1773566919.339342,2.475275754928589,1.51,194.41
normal_145.csv,25,1773566919.4388516,1773566922.800424,3.361572504043579,1.29,95.48
normal_146.csv,25,1773566923.9800084,1773566926.339514,2.3595056533813477,1.76,164.52
normal_147.csv,20,1773566927.56305,1773566929.4961443,1.9330942630767822,1.27,105.53
normal_148.csv,25,1773566931.1793427,1773566933.6604304,2.4810876846313477,1.53,88.53
normal_149.csv,25,1773566934.970923,1773566937.445855,2.4749319553375244,1.23,109.28
normal_150.csv,25,1773566940.2689142,1773566942.6947236,2.425809383392334,1.84,178.98
normal_151.csv,25,1773566944.1564069,1773566946.6347425,2.4783356189727783,1.23,106.35
normal_152.csv,25,1773566948.4609032,1773566950.8960085,2.435105323791504,1.85,107.77
normal_153.csv,25,1773566951.0005891,1773566954.2117956,3.2112064361572266,1.42,100.15
normal_154.csv,25,1773566956.0463996,1773566958.5342476,2.4878480434417725,1.74,118.57
normal_155.csv,25,1773566960.159748,1773566962.629077,2.4693288803100586,1.36,112.82
normal_156.csv,25,1773566962.7306063,1773566965.928534,3.197927713394165,1.87,125.34
normal_157.csv,25,1773566966.0302408,1773566969.3442082,3.31396746635437,1.18,87.21
normal_158.csv,25,1773566972.211983,1773566974.665156,2.4531729221343994,1.15,79.1
normal_159.csv,25,1773566976.055627,1773566978.5244355,2.46880841255188,1.14,177.47
normal_160.csv,25,1773566980.4002934,1773566982.8438373,2.4435439109802246,1.19,158.53
normal_161.csv,25,1773566984.9093423,1773566987.225623,2.3162806034088135,1.15,176.06
normal_162.csv,25,1773566987.3290584,1773566990.6231637,3.294105291366577,1.15,197.13
normal_163.csv,25,1773566992.902511,1773566995.3403342,2.4378232955932617,1.16,186.06
normal_164.csv,25,1773566996.5520532,1773566999.7805326,3.2284793853759766,1.47,202.14
normal_165.csv,24,1773566999.8868303,1773567002.258197,2.3713667392730713,1.28,119.3
normal_166.csv,25,1773567003.2803533,1773567005.7375689,2.4572155475616455,1.09,190.84
normal_167.csv,25,1773567005.838641,1773567009.0764363,3.237795352935791,1.32,179.79
normal_168.csv,25,1773567010.7111886,1773567013.140705,2.429516553878784,1.1,207.42
normal_169.csv,25,1773567013.2485242,1773567016.492633,3.2441089153289795,1.3,102.84
normal_170.csv,25,1773567016.5902438,1773567019.8435652,3.253321409225464,1.21,187.59
normal_171.csv,25,1773567019.953813,1773567023.2358985,3.282085418701172,1.34,265.22
normal_172.csv,25,1773567023.3376577,1773567025.8200655,2.482407808303833,1.1,154.21
normal_173.csv,25,1773567027.20391,1773567029.6746032,2.4706931114196777,1.21,211.91
normal_174.csv,25,1773567029.7860377,1773567032.9563088,3.170271158218384,1.15,222.26
normal_175.csv,22,1773567033.073382,1773567035.236474,2.1630921363830566,1.2,194.58
normal_176.csv,25,1773567039.2276192,1773567041.70183,2.474210739135742,1.26,149.22
normal_177.csv,25,1773567043.448867,1773567045.9355388,2.4866716861724854,1.07,198.38
normal_178.csv,25,1773567046.0267208,1773567049.186046,3.159325122833252,1.25,138.5
normal_179.csv,22,1773567049.2885778,1773567051.4538002,2.165222406387329,1.23,173.28
normal_180.csv,25,1773567052.894868,1773567055.2477095,2.35284161567688,1.14,218.31
normal_181.csv,25,1773567055.338482,1773567058.486757,3.148275136947632,1.35,127.02
normal_182.csv,16,1773567058.6005852,1773567060.149562,1.5489766597747803,1.36,89.44
normal_183.csv,25,1773567061.7972054,1773567064.2676606,2.4704551696777344,1.44,134.18
normal_184.csv,25,1773567064.3825338,1773567067.6691985,3.2866647243499756,1.14,89.18
normal_185.csv,25,1773567067.7657475,1773567071.0514786,3.285731077194214,1.54,193.91
normal_186.csv,25,1773567073.191888,1773567075.6669424,2.4750542640686035,1.25,266.69
normal_187.csv,25,1773567075.7693555,1773567079.0166593,3.2473037242889404,1.22,121.8
normal_188.csv,25,1773567079.1173065,1773567082.3321867,3.2148802280426025,1.18,182.49
normal_189.csv,25,1773567082.4478662,1773567085.6315143,3.183648109436035,1.25,226.87
normal_190.csv,25,1773567085.7346237,1773567089.0412896,3.3066658973693848,1.29,174.46
normal_191.csv,25,1773567089.1331248,1773567091.597292,2.4641671180725098,1.23,204.03
normal_192.csv,25,1773567092.838494,1773567095.19161,2.353116035461426,1.19,275.68
normal_193.csv,25,1773567097.516172,1773567100.002071,2.485898971557617,1.26,151.5
normal_194.csv,25,1773567102.0880337,1773567104.5368,2.4487662315368652,1.25,111.1
normal_195.csv,25,1773567104.6345165,1773567107.913115,3.2785985469818115,1.17,148.66
normal_196.csv,25,1773567108.0147998,1773567111.3663297,3.351529836654663,1.18,134.09
normal_197.csv,25,1773567111.4299514,1773567113.901486,2.471534490585327,1.14,152.95
normal_198.csv,25,1773567113.998514,1773567117.2442577,3.245743751525879,1.19,136.73
normal_199.csv,15,1773567117.346974,1773567118.7946842,1.4477102756500244,1.14,180.06
normal_200.csv,25,1773567119.876865,1773567123.1371727,3.260307788848877,1.19,149.37
normal_201.csv,25,1773567123.2284863,1773567125.7123885,2.4839022159576416,1.16,171.12
normal_202.csv,25,1773567125.8106718,1773567129.0757077,3.26503586769104,1.37,130.58
normal_203.csv,25,1773567131.138952,1773567133.5775208,2.4385688304901123,1.22,310.82
